feed,title,link,published,summary,fetched_at
CNN Top,Trump pleads not guilty to 34 felony counts,https://edition.cnn.com/webview/politics/live-news/trump-indictment-stormy-daniels-news-04-03-23/index.html,,,2026-02-05T05:21:01.741862
CNN Top,READ: Trump indictment related to hush money payment,https://cnn.it/411KYN7,,,2026-02-05T05:21:01.741862
CNN Top,Russian authorities detain suspect over St. Petersburg cafe blast,https://edition.cnn.com/webview/europe/live-news/russia-ukraine-war-news-04-03-23/index.html,,,2026-02-05T05:21:01.741862
CNN Top,Hundreds of millions at risk from Chinese shopping app malware,https://cnn.it/40OSomK,,,2026-02-05T05:21:01.741862
ESPN News,NBA trade buzz: Live updates and intel during deadline week,https://www.espn.com/nba/story/_/id/47191162/nba-buzz-latest-live-updates-trades-intel-league,2026-02-05T05:10:06,"Kristaps Porzingis is headed to the Warriors, and Giannis is not. Catch up on what we're hearing from insiders.",2026-02-05T05:21:04.500991
ESPN News,AD is a Wizard?! Grading the trade and who came out on top,https://www.espn.com/nba/story/_/id/47828120/anthony-davis-trade-grade-whats-next-dallas-mavericks-washington-wizards,2026-02-05T05:10:06,Kevin Pelton breaks down what's next for the Wizards and the Mavericks.,2026-02-05T05:21:04.500991
CNBC Business,"Sony reports 22% jump in December-quarter profit, beats expectations and lifts full-year outlook",https://www.cnbc.com/2026/02/05/sony-profit-jumps-22percent-in-december-quarter-beating-expectations-and-lifting-full-year-outlook.html,2026-02-05T05:08:31,Sony posted a stronger-than-expected rebound in operating profit for the December quarter and lifted its full-year forecast.,2026-02-05T05:21:03.379178
ESPN News,"Ryan Preece overcomes sleet, cautions to win The Clash",https://www.espn.com/racing/story/_/id/47834662/ryan-preece-overcomes-sleet-cautions-win-clash-bowman-gray,2026-02-05T05:06:42,"Ryan Preece is the winner of NASCAR's season-opening exhibition, The Clash.",2026-02-05T05:21:04.500991
CNBC Business,"Shares of Arm plunge 8% after licensing revenue misses estimates, Qualcomm outlook adds pressure",https://www.cnbc.com/2026/02/05/arm-shares-fall-licensing-revenue-miss-ai-demand.html,2026-02-05T05:03:15,"Shares of UK-based semiconductor designer Arm Holdings fell in aftermarket trading, despite the company posting record revenues amid AI demand.",2026-02-05T05:21:03.379178
CNBC Business,"Silver resumes its slide, plunging 13%, after short-lived rebound",https://www.cnbc.com/2026/02/05/silver-resumes-its-slide-plunging-12percent-after-short-lived-rebound.html,2026-02-05T04:59:04,"Silver prices slid as much as 16% on Thursday, snapping a two-day rebound as investors continued to unwind positions.",2026-02-05T05:21:03.379178
ESPN News,"Sources: Tigers land Valdez for 3 years, $115M",https://www.espn.com/mlb/story/_/id/47832764/framber-valdez-detroit-tigers-agree-3-year-115-million-contract,2026-02-05T04:52:17,"Framber Valdez and the Tigers are in agreement on a three-year, $115 million contract, sources told ESPN's Jeff Passan, the highest average annual value ever for a left-handed pitcher.",2026-02-05T05:21:04.500991
ESPN News,NCAA denies appeal for Ole Miss QB Chambliss,https://www.espn.com/college-football/story/_/id/47833892/ncaa-denies-appeal-ole-miss-qb-chambliss,2026-02-05T04:52:17,"The NCAA has denied Ole Miss' appeal for Trinidad Chambliss' sixth-year eligibility waiver, which will direct his fight to play college football in 2026 to state court.",2026-02-05T05:21:04.500991
ESPN News,"Sources: Mavs overhaul again, trade AD to Wiz",https://www.espn.com/nba/story/_/id/47828122/mavericks-trade-anthony-davis-wizards-sources-say,2026-02-05T04:52:17,"The Mavericks are trading 10-time All-Star Anthony Davis to the Wizards as part of an eight-player trade, sources told ESPN's Shams Charania.",2026-02-05T05:21:04.500991
ESPN News,Huskies' Williams got 'bad advice' on near transfer,https://www.espn.com/college-football/story/_/id/47834276/washington-qb-demond-williams-says-departure-mistake,2026-02-05T04:52:17,"Washington quarterback Demond Williams Jr. said Wednesday his short-lived decision to leave the Huskies was a mistake that resulted from ""really bad advice.""",2026-02-05T05:21:04.500991
ESPN News,"Maye full participant in Pats practice, feels 'great'",https://www.espn.com/nfl/story/_/id/47834085/pats-drake-maye-shoulder-full-participant-practice-feels-great,2026-02-05T04:52:17,Patriots quarterback Drake Maye took all the first-team repetitions in a 90-minute practice Wednesday as the team continues preparations for Super Bowl LX against the Seahawks.,2026-02-05T05:21:04.500991
ESPN News,✨ Top 10 MLB prospect rankings for every team,https://www.espn.com/mlb/story/_/id/47684227/2026-top-10-prospect-rankings-all-30-mlb-teams-kiley-mcdaniel,2026-02-05T04:52:17,Who is rising in every major league farm system? Kiley McDaniel digs in.,2026-02-05T05:21:04.500991
ESPN News,Sources: Lonzo to become free agent after trade,https://www.espn.com/nba/story/_/id/47830358/sources-jazz-acquire-lonzo-ball-trade-away-jock-landale,2026-02-05T04:52:16,"The Jazz have acquired Lonzo Ball in a three-team trade with the Cavaliers and Hawks but are expected to waive the veteran guard and allow him to become a free agent, sources told ESPN.",2026-02-05T05:21:04.500991
ESPN News,Sources: Paul lands with Raptors in 3-team trade,https://www.espn.com/nba/story/_/id/47829886/sources-clippers-chris-paul-lands-raptors-3-team-trade,2026-02-05T04:52:16,"Chris Paul, a 12-time NBA All-Star, has landed with the Raptors amid a three-team trade involving the Clippers and the Nets, sources told ESPN's Shams Charania.",2026-02-05T05:21:04.500991
ESPN News,Top NHL prospect McKenna charged with assault,https://www.espn.com/nhl/story/_/id/47831110/top-nhl-prospect-gavin-mckenna-charged-assault,2026-02-05T04:52:16,"Penn State forward Gavin McKenna, a top NHL prospect, has been charged with felony aggravated assault and other counts, according to Pennsylvania Magisterial District Court documents.",2026-02-05T05:21:04.500991
CNBC Business,China's Hong Kong-listed tech stocks enter bear market as tax and AI fears take hold,https://www.cnbc.com/2026/02/05/china-tech-hsi-enters-bear-market-as-tax-ai-fears-take-hold.html,2026-02-05T04:48:58,"Chinese technology stocks have slid into bear market territory, marking a sharp reversal from last year's rally.",2026-02-05T05:21:03.379178
ESPN News,"Sources: Dubs deal Kuminga, Hield for Porzingis",https://www.espn.com/nba/story/_/id/47834519/warriors-trading-jonathan-kuminga-buddy-hield-hawks-kristaps-porzingis,2026-02-05T04:40:14,"The Warriors are trading forward Jonathan Kuminga and guard Buddy Hield to the Hawks for center Kristaps Porzingis, sources told ESPN's Shams Charania.",2026-02-05T05:21:04.500991
CNBC Business,Oil slides in volatile trading as upcoming U.S.-Iran talks revive de-escalation hopes,https://www.cnbc.com/2026/02/05/oil-prices-upcoming-us-iran-talks-revive-de-escalation-hopes.html,2026-02-05T04:34:49,"Oil prices fell on Thursday after Washington and Tehran agreed to hold talks in Oman on Friday, even as differences persist over the scope of the discussions.",2026-02-05T05:21:03.379178
CNBC Business,Paul Weiss chairman Brad Karp resigns after Jeffrey Epstein email disclosures,https://www.cnbc.com/2026/02/05/paul-weiss-brad-karp-resigns-jeffrey-epstein.html,2026-02-05T04:32:38,The Department of Justice last week released millions of documents related to the notorious sex offender Jeffrey Epstein.,2026-02-05T05:21:03.379178
ESPN News,NHL trade grades: Who comes out ahead in Artemi Panarin trade?,https://www.espn.com/nhl/story/_/id/47286518/nhl-2025-26-trade-grades-deals-report-cards-rankings-biggest-deals,2026-02-05T04:06:38,Hockey trade season has begun! Find grades for each GM involved in all the big swaps here.,2026-02-05T05:21:04.500991
BBC World,'We are ready to talk' - US news anchor Savannah Guthrie pleads for return of her abducted mother,https://www.bbc.com/news/articles/c2e18wvrx9xo?at_medium=RSS&at_campaign=rss,2026-02-05T03:53:41,"""She is without any medicine. She needs it to survive,"" says the NBC host about missing 84-year-old Nancy Guthrie.",2026-02-05T05:21:00.591598
CNBC Business,"South Korea's Kospi leads declines in Asia, tracking Wall Street tech sell-off",https://www.cnbc.com/2026/02/05/asia-markets-live-nikkei-kospi-hang-seng-oil-saas.html,2026-02-05T03:41:25,"In Asia, investors are keeping an eye on tech and tech-related stocks in the region for any spillover.",2026-02-05T05:21:03.379178
BBC World,Trump says America should move on from Epstein - it may not be that easy,https://www.bbc.com/news/articles/cy4gj71z0m0o?at_medium=RSS&at_campaign=rss,2026-02-05T03:27:44,"The justice department says its review of the files is over, but the story is again proving to have a life of its own.",2026-02-05T05:21:00.591598
CNBC Business,"China's Xi reasserts Taiwan stance in call with Trump, while U.S. president pushes trade",https://www.cnbc.com/2026/02/05/chinas-xi-taiwan-trump-trade-talks-iran-russia.html,2026-02-05T03:21:40,Beijing stressed Taiwan is the most important issue while Trump highlights the trade aspects of the bilateral relations.,2026-02-05T05:21:03.379178
BBC World,Doctor who treated Bondi Junction mass killer referred to health regulator,https://www.bbc.com/news/articles/cy7mrx6ne1po?at_medium=RSS&at_campaign=rss,2026-02-05T03:12:05,A coroner has found Joel Cauchi's doctor failed to heed warnings he was having a relapse of schizophrenia.,2026-02-05T05:21:00.591598
BBC World,Gunmen kill dozens in Nigeria as US military deployment confirmed,https://www.bbc.com/news/articles/ckgvllk3lx9o?at_medium=RSS&at_campaign=rss,2026-02-05T02:47:14,"Shops and homes were torched in an attack on two villages in the western state of Kwara, a lawmaker says.",2026-02-05T05:21:00.591598
BBC World,"US must be prudent when supplying arms to Taiwan, Xi tells Trump",https://www.bbc.com/news/articles/c62wpjd3j1zo?at_medium=RSS&at_campaign=rss,2026-02-05T01:15:14,Wednesday's call comes in the wake of a flurry of visits by Western leaders to China in recent months.,2026-02-05T05:21:00.591598
CNBC Business,Alphabet's strong quarter eases fears about the search giant's sky-high spending,https://www.cnbc.com/2026/02/04/alphabets-strong-quarter-eases-fears-about-the-search-giants-sky-high-spending.html,2026-02-05T01:11:29,The Street is taking a doubling in capital expenditures in stride.,2026-02-05T05:21:03.379178
BBC World,Growing calls in India to restrict children's social media use,https://www.bbc.com/news/articles/c9qpr37d84qo?at_medium=RSS&at_campaign=rss,2026-02-05T00:50:54,Some Indian states have said they are examining Australia's law curbing social media for children.,2026-02-05T05:21:00.591598
CNBC Business,Alphabet resets the bar for AI infrastructure spending,https://www.cnbc.com/2026/02/04/alphabet-resets-the-bar-for-ai-infrastructure-spending.html,2026-02-05T00:49:59,The search giant's proposed capex spend for 2026 exceeds that of its hyperscalers peers.,2026-02-05T05:21:03.379178
TechCrunch,Sam Altman got exceptionally testy over Claude Super Bowl ads,https://techcrunch.com/2026/02/04/sam-altman-got-exceptionally-testy-over-claude-super-bowl-ads/,2026-02-05T00:45:11,"He posted a novella-sized rant that devolved into to calling his rival ""dishonest"" and ""authoritarian.""",2026-02-05T05:21:02.427708
CNBC Business,Software experiencing 'most exciting moment' as AI fears hammer the stocks,https://www.cnbc.com/2026/02/04/software-experiencing-most-exciting-moment-as-ai-fears-hammer-stocks.html,2026-02-05T00:41:21,"Shares of software companies have been getting beaten up, and the selloff accelerated this week after Anthropic's latest unveiling.",2026-02-05T05:21:03.379178
CNBC Business,"Trump says he'll stay out of Netflix, Paramount Skydance fight to take over WBD",https://www.cnbc.com/2026/02/04/trump-wbd-netflix-paramount-skydance.html,2026-02-05T00:39:05,"Trump in December said he would be involved in the review of whether Netflix should be allowed to buy parts of Warner Bros. Discover, as WBD leadership wants.",2026-02-05T05:21:03.379178
BBC World,Gen Z toppled an autocrat - but old guard tipped to win Bangladesh vote,https://www.bbc.com/news/articles/c1m7444nr3yo?at_medium=RSS&at_campaign=rss,2026-02-05T00:35:15,A student uprising promised a new dawn in Bangladesh but old parties are tipped to win a landmark election.,2026-02-05T05:21:00.591598
TechCrunch,"As it preps Specs for the masses, Snap’s Q4 shows revenue growth but fewer daily users",https://techcrunch.com/2026/02/04/as-it-preps-specs-for-the-masses-snaps-q4-shows-revenue-growth-but-fewer-daily-users/,2026-02-05T00:07:59,The company is engaged in a strategy to diversify its revenue sources as it heads into the new year.,2026-02-05T05:21:02.427708
CNBC Business,Ciena returns to S&P 500 after getting booted 17 years ago,https://www.cnbc.com/2026/02/04/ciena-returns-to-sp-500-after-getting-booted-17-years-ago.html,2026-02-05T00:07:51,"Ciena is predicting the fastest growth since 2011 in the current fiscal year, thanks to its position in artificial intelligence.",2026-02-05T05:21:03.379178
TechCrunch,"Mundi Ventures closes on €750M for Kembara, its largest deep tech and climate fund",https://techcrunch.com/2026/02/04/mundi-ventures-closes-on-e750m-for-kembara-its-largest-deep-tech-and-climate-fund/,2026-02-05T00:01:00,Spain-based deeptech and climate megafund Kembara has just completed a €750 million first close toward its €1 billion target.,2026-02-05T05:21:02.427708
CNBC Business,Snap shares rise on fourth-quarter earnings that beat on sales,https://www.cnbc.com/2026/02/04/snap-q4-earnings-report-2025.html,2026-02-04T23:50:55,Snap on Wednesday released fourth-quarter earnings that beat on sales but missed on revenue guidance.,2026-02-05T05:21:03.379178
TechCrunch,"Stripe alumni raise €30M Series A for Duna, backed by Stripe and Adyen execs",https://techcrunch.com/2026/02/04/stripe-alumni-raise-e30m-series-a-for-duna-backed-by-stripe-and-adyen-execs/,2026-02-04T23:49:18,"Having raised a €30 million Series A round led by CapitalG, business identity verification startup Duna is now among the most well-capitalized European startups founded by Stripe alumni.",2026-02-05T05:21:02.427708
ESPN News,"Grab your popcorn -- it's Man City vs. Arsenal for the Carabao Cup, and maybe more",https://www.espn.com/soccer/story/_/id/47831362/man-city-face-arsenal-carabao-cup-final-maybe-more,2026-02-04T23:49:00,"Man City's win in the Carabao Cup semis sets the stage for a final vs. Arsenal, and a potentially thrilling end to the season.",2026-02-05T05:21:04.500991
BBC World,Melinda French Gates says ex-husband Bill has questions to answer over Epstein,https://www.bbc.com/news/articles/cr4kyk9nv5lo?at_medium=RSS&at_campaign=rss,2026-02-04T23:42:41,She said her ex-husband and others named in the Epstein files needed to answer whatever questions remain.,2026-02-05T05:21:00.591598
TechCrunch,"Alphabet won’t talk about the Google-Apple AI deal, even to investors",https://techcrunch.com/2026/02/04/alphabet-wont-talk-about-the-google-apple-ai-deal-even-to-investors/,2026-02-04T23:28:31,Alphabet CEO skipped an analyst's question about Apple on the company's earnings call.,2026-02-05T05:21:02.427708
CNBC Business,Qualcomm stock sinks as memory shortage drags on forecast,https://www.cnbc.com/2026/02/04/qualcomm-qcom-q1-2026-earnings.html,2026-02-04T23:26:18,"""We're starting to see that memory is going to define the size of the mobile market,"" Qualcomm CEO Cristiano Amon said in an interview.",2026-02-05T05:21:03.379178
ESPN News,Ranking the top 12 men's Coach of the Year contenders at midseason,https://www.espn.com/mens-college-basketball/story/_/id/47820063/mens-college-basketball-ranking-coach-year-contenders-2026,2026-02-04T23:17:12,"From Fred Hoiberg and the turnaround he's authored at Nebraska to usual suspects, see who made the short list.",2026-02-05T05:21:04.500991
ESPN News,"Bracketology: The good, and the less good, about Illinois' recent success",https://www.espn.com/espn/feature/story/_/page/bracketology/ncaa-bracketology-2026-march-madness-men-field-predictions,2026-02-04T23:17:12,The Fighting Illini are the top 2-seed -- with plenty of time this season to move further up the board.,2026-02-05T05:21:04.500991
ESPN News,Power Rankings: Can Texas exact revenge and snap LSU's win streak?,https://www.espn.com/womens-college-basketball/story/_/id/47818217/womens-college-basketball-2025-2026-power-rankings-lsu-texas,2026-02-04T23:17:12,"The Tigers seek to sweep a key series in the SEC, but the Longhorns look to avenge their loss in Baton Rouge from last month.",2026-02-05T05:21:04.500991
ESPN News,"Bracketology: Duke returns to top 16, Princeton suffers biggest slide",https://www.espn.com/espn/feature/story/_/id/30423107/ncaa-women-bracketology-2026-women-college-basketball-projections,2026-02-04T23:17:12,"The Blue Devils, up one line to a No. 4 seed, have won 13 straight games and sit atop the ACC.",2026-02-05T05:21:04.500991
BBC World,A global craze for Korean culture is making its humblest snacks unaffordable,https://www.bbc.com/news/articles/c4gv1lyvvedo?at_medium=RSS&at_campaign=rss,2026-02-04T23:01:13,"Black, crispy, often flat and square, dried seaweed is growing in popularity - but also in price.",2026-02-05T05:21:00.591598
TechCrunch,Google’s Gemini app has surpassed 750M monthly active users,https://techcrunch.com/2026/02/04/googles-gemini-app-has-surpassed-750m-monthly-active-users/,2026-02-04T22:53:46,"Google revealed a significant milestone for its Gemini app, announcing over 750 million monthly active users as it competes with ChatGPT and Meta AI.",2026-02-05T05:21:02.427708
CNBC Business,"E.l.f. Beauty posts earnings beat, raises full-year guidance",https://www.cnbc.com/2026/02/04/elf-beauty-elf-q3-2026.html,2026-02-04T22:52:55,"E.l.f. Beauty said its acquisition of Hailey Bieber's skin-care company, Rhode, contributed $128 million to the company's net third-quarter sales growth.",2026-02-05T05:21:03.379178
ESPN News,"Ghostbusters: Back Darnold, Seahawks to exorcise some demons in Super Bowl LX",https://www.espn.com/espn/betting/story/_/id/47820761/super-bowl-60-sports-betting-odds-sam-darnold-seahawks-patriots-stats-props,2026-02-04T22:37:53,Liz Loza advises not to underestimate the revenge factor as Sam Darnold and the Seahawks face their New England demons in the Super Bowl,2026-02-05T05:21:04.500991
ESPN News,Super Bowl squares: Printable grid for your Patriots-Seahawks party,https://www.espn.com/espn/betting/story/_/id/47809879/2026-super-bowl-squares-patriots-seahawks-printable-sheet,2026-02-04T22:37:53,Print out the 2026 Super Bowl squares grid and get everyone involved.,2026-02-05T05:21:04.500991
ESPN News,12 teams that improved their 2026 CFP chances with their roster moves,https://www.espn.com/college-football/recruiting/story/_/id/47818678/college-football-playoff-2026-recruiting-transfer-portal-moves,2026-02-04T22:35:31,"With signing day closing many team's personnel moves, we look at the teams ready to make long postseason runs.",2026-02-05T05:21:04.500991
BBC World,Son of Norway's Crown Princess gives evidence as rape trial continues,https://www.bbc.com/news/videos/cql4qd7yr5do?at_medium=RSS&at_campaign=rss,2026-02-04T22:32:46,"The BBC's Paul Kirby reports from outside the court in Oslo, where Marius Borg Høiby denies rape and many other serious charges.",2026-02-05T05:21:00.591598
ESPN News,How James Franklin raided Penn State's class and jump-started Virginia Tech recruiting,https://www.espn.com/college-football/recruiting/story/_/id/47806854/james-franklin-virginia-tech-recuiting-class-2026-overhaul-penn-state,2026-02-04T22:32:36,"In a sprint to the early signing period, Franklin gutted his former school and brought life to the Hokies.",2026-02-05T05:21:04.500991
CNBC Business,We're raising our price target on Eli Lilly as the GLP-1 leader delivers a huge beat,https://www.cnbc.com/2026/02/04/were-raising-our-price-target-on-eli-lilly-as-the-glp-1-leader-delivers.html,2026-02-04T22:31:07,"Combined sales for the company's blockbuster GLP-1 drugs Zepbound and Mounjaro exceeded $1 billion, with each showing triple-digit growth.",2026-02-05T05:21:03.379178
TechCrunch,The Wayback Machine debuts a new plug-in designed to fix the internet’s broken links problem,https://techcrunch.com/2026/02/04/the-wayback-machine-debuts-a-new-plugin-designed-to-fix-the-internets-broken-links-problem/,2026-02-04T22:27:12,"Should a linked web page go offline, the new feature will then redirect readers to the archived versions, so that there is no drop in service. The tool also archives a user's own posts, helping to ensure their longevity.",2026-02-05T05:21:02.427708
CNBC Business,Hedge funds made $24 billion shorting software stocks so far in 2026 — and they are increasing the bet,https://www.cnbc.com/2026/02/04/hedge-funds-made-24-billion-shorting-software-stocks-so-far-in-2026-and-they-are-increasing-the-bet.html,2026-02-04T22:20:22,"Hedge funds are increasing their short bets against software stocks, contributing to the brutal sell-off in the space so far this year, according to sources at two major funds on Wall Street.",2026-02-05T05:21:03.379178
ESPN News,Road to $1M paydays: How WNBA salaries evolved with each CBA,https://www.espn.com/wnba/story/_/id/47813218/wnba-cba-collective-bargaining-agreement-negotiations-salary-cap,2026-02-04T22:06:45,"For the first time, a $1 million base salary is expected in the new WNBA CBA, and the cap could see a 230% increase.",2026-02-05T05:21:04.500991
BBC World,"Fearing Russia will seize her town, war widow moves husband's grave to Kyiv",https://www.bbc.com/news/articles/cvgr25e2lj5o?at_medium=RSS&at_campaign=rss,2026-02-04T21:59:59,Russia's gains on the battlefield have forced Natalia to rebury her husband in Kyiv.,2026-02-05T05:21:00.591598
TechCrunch,Elon Musk’s SpaceX company town is getting a police department,https://techcrunch.com/2026/02/04/elon-musks-spacex-company-town-is-getting-a-police-department/,2026-02-04T21:47:41,The new department will have up to eight police officers and could be up and running in a few months.,2026-02-05T05:21:02.427708
TechCrunch,"Meet Gizmo: A TikTok for interactive, vibe-coded mini apps",https://techcrunch.com/2026/02/04/meet-gizmo-a-tiktok-for-interactive-vibe-coded-mini-apps/,2026-02-04T21:45:32,Gizmo's app is like a TikTok for vibe-coded mini apps... and it's a lot of fun.,2026-02-05T05:21:02.427708
TechCrunch,"AI SRE Resolve AI confirms $125M raise, unicorn valuation",https://techcrunch.com/2026/02/04/ai-sre-resolve-ai-confirms-125m-raise-unicorn-valuation/,2026-02-04T21:39:26,The two-year-old startup confirms that it closed a Series A led by Lightspeed at $1 billion valuation.,2026-02-05T05:21:02.427708
TechCrunch,Amazon to begin testing AI tools for film and TV production next month,https://techcrunch.com/2026/02/04/amazon-to-begin-testing-ai-tools-for-film-and-tv-production-next-month/,2026-02-04T21:26:43,Amazon MGM Studios will reportedly begin a closed beta program in March to test its AI tools to help with film and TV production.,2026-02-05T05:21:02.427708
CNBC Business,"AMD falls 17%, posts worst day since 2017 as Lisa Su addresses guidance concerns",https://www.cnbc.com/2026/02/04/amd-lisa-su-ai-demand-guidance-earnings.html,2026-02-04T21:22:50,"The CEO said that the data center business has risen from the fourth to first quarter and demand for the company's CPUs is ""going gangbusters.""",2026-02-05T05:21:03.379178
CNBC Business,Eli Lilly's GLP-1 growth is only getting started as Novo Nordisk braces for a decline in 2026,https://www.cnbc.com/2026/02/04/eli-lilly-novo-nordisk-earnings-glp1-market.html,2026-02-04T21:05:25,"The split in outlook underscores Lilly's strong position in the obesity market, underpinned by more effective drugs and its direct-to-consumer sales strategy.",2026-02-05T05:21:03.379178
CNBC Business,Oil prices jump after Trump says Iran supreme leader 'should be very worried',https://www.cnbc.com/2026/02/04/oil-prices-jump-on-report-us-iran-nuclear-talks-are-collapsing.html,2026-02-04T21:02:29,President Donald Trump has threatened to launch military strikes on Iran if the Islamic Republic doesn't agree to a deal on its nuclear program.,2026-02-05T05:21:03.379178
CNBC Business,"Older workers with student loan debt have less saved for retirement, Fidelity finds",https://www.cnbc.com/2026/02/04/student-loan-debt-retirement-savings.html,2026-02-04T20:47:16,"Older workers with student debt have much smaller retirement account balances than their peers without the loans, a Fidelity report shows.",2026-02-05T05:21:03.379178
CNBC Business,Amazon CEO Andy Jassy picks marketplace exec to be his new 'shadow' advisor,https://www.cnbc.com/2026/02/04/amazon-jassy-new-shadow-advisor-dharmesh-mehta.html,2026-02-04T20:45:10,Jassy was Jeff Bezos' shadow in the early 2000s before going on to lead Amazon Web Services.,2026-02-05T05:21:03.379178
CNBC Business,"Terrell Owens calls Hall of Fame process 'broken' after Belichick, Kraft snubs",https://www.cnbc.com/2026/02/04/nfl-hall-of-fame-terrell-owens-on-bill-belichick-robert-kraft-snubs.html,2026-02-04T20:42:52,Terrell Owens weighed in on the exclusion of Bill Belichick and Robert Kraft from the Pro Football Hall of Fame.,2026-02-05T05:21:03.379178
TechCrunch,A16z just raised $1.7B for AI infrastructure. Here’s where it’s going.,https://techcrunch.com/video/a16z-just-raised-1-7b-for-ai-infrastructure-heres-where-its-going/,2026-02-04T20:24:12,"Andreessen Horowitz just raised&#160;a whopping&#160;⁠new&#160;$15 billion&#160;in funding⁠.&#160;And a&#160;$1.7 billion&#160;chunk&#160;of that is going to&#160;its&#160;⁠infrastructure&#160;team⁠,&#160;the one responsible for some of its biggest, most prominent&#160;AI investments including&#160;Black Forrest Labs, Cursor, OpenAI,&#160;⁠ElevenLabs⁠, Ideogram,&#160;⁠Fal⁠&#160;and dozens of others.&#160;&#160; A16z&#160;⁠general partner&#160;with the infra team Jennifer Li⁠&#160;(who oversees such&#160;investments&#160;as&#160;ElevenLabs&#160;– just valued at&#160;$11 billion);&#160;Ideagram&#160;and Fal, has a clear thesis on where&#160;the team is looking [&#8230;]",2026-02-05T05:21:02.427708
ESPN News,"Who you calling old? At the 2026 Olympics, age is just a number",https://www.espn.com/olympics/story/_/id/47809045/2026-winter-olympics-vonn-kenworthy-goepper-schaffrick-comebacks,2026-02-04T20:21:41,"Lindsey Vonn, Nick Goepper, Gus Kenworthy and Maddy Schaffrick are in their golden years at the 2026 Olympics. Just don't call them old.",2026-02-05T05:21:04.500991
ESPN News,How Laila Edwards carved her own path as USA Hockey's first Black player,https://www.espn.com/olympics/story/_/id/47792766/laila-edwards-2026-milan-cortina-winter-olympics-team-usa-women-hockey,2026-02-04T20:21:41,"Laila Edwards, a standout at Wisconsin, is ready for her Olympic debut as USA Hockey's first Black player.",2026-02-05T05:21:04.500991
ESPN News,High school stories of 11 Super Bowl stars -- and two coaches,https://www.espn.com/nfl/story/_/id/47809447/2026-super-bowl-new-england-patriots-seattle-seahawks-drake-maye-sam-darnold,2026-02-04T20:21:07,"Find out what Sam Darnold, Drake Maye, Cooper Kupp, TreVeyon Henderson and others were like before the NFL.",2026-02-05T05:21:04.500991
ESPN News,"How to bet the WM Phoenix Open: Target these Maverick McNealy, Si Woo Kim props",https://www.espn.com/espn/betting/story/_/id/47822343/golf-pga-tour-betting-2026-wm-phoenix-open,2026-02-04T20:10:03,"The fourth stop of the PGA Tour season brings us to Scottsdale, where we can expect to see plenty of birdies at the WM Phoenix Open.",2026-02-05T05:21:04.500991
BBC World,Church fresco resembling Italian PM has face scrubbed out,https://www.bbc.com/news/articles/cx2peyjzgl3o?at_medium=RSS&at_campaign=rss,2026-02-04T20:04:47,"The artist who painted the cherub has admitted it was Giorgia Meloni's face, as the Rome church sees a steady flow of curious visitors.",2026-02-05T05:21:00.591598
ESPN News,Christian Gonzalez vs. JSN? Will Campbell vs. DeMarcus Lawrence? Sorting five key Super Bowl matchups,https://www.espn.com/nfl/story/_/id/47809043/super-bowl-lx-2026-seahawks-patriots-player-matchups-matter-solak,2026-02-04T19:45:29,Can Christian Gonzalez contain Jaxon Smith-Njigba? Will DeMarcus Lawrence get the best of Will Campbell? Here are five matchups that will matter Sunday.,2026-02-05T05:21:04.500991
ESPN News,Our full list of Super Bowl LX picks: 58 experts predict the final score of Seahawks-Patriots,https://www.espn.com/nfl/story/_/id/47768202/super-bowl-2026-predictions-experts-pick-seahawks-patriots-score-mvp,2026-02-04T19:45:29,Will the Seahawks or Patriots win? Who will be the MVP? Our analysts and reporters make their predictions.,2026-02-05T05:21:04.500991
CNBC Business,"Bitcoin bleeds for second straight day, nearly grazes $72,000",https://www.cnbc.com/2026/02/04/bitcoin-bleeds-for-second-straight-day-nearly-grazes-72000.html,2026-02-04T19:27:25,"Bitcoin sank as low as $72,096.20 on Wednesday, marking its second consecutive day breaking below the $73,000 level.",2026-02-05T05:21:03.379178
CNBC Business,Senate Banking Chair Tim Scott believes Fed Chair Powell committed no crime in testimony,https://www.cnbc.com/2026/02/04/scott-trump-powell-fed-warsh-tillis-doj.html,2026-02-04T19:12:47,"President Donald Trump recently said the investigation into Jerome Powell, led by U.S. Attorney for Washington Jeanine Pirro, should continue to the end.",2026-02-05T05:21:03.379178
BBC World,Fears of new arms race as US-Russia nuclear weapons treaty due to expire,https://www.bbc.com/news/articles/c4g31n4ey9go?at_medium=RSS&at_campaign=rss,2026-02-04T18:39:22,The New Start treaty has limited the number of deployed strategic nuclear warheads for both countries.,2026-02-05T05:21:00.591598
ESPN News,NBA Power Rankings: Where all 30 teams stack up ahead of trade deadline,https://www.espn.com/nba/story/_/id/47809739/nba-power-rankings-all-30-teams-player-most-pressure-trade-deadline-giannis-harden-green,2026-02-04T18:36:32,Which players are under the most pressure and where all 30 teams rank a day before the Thursday trade deadline.,2026-02-05T05:21:04.500991
CNBC Business,"Get the first look at the R2, Rivian's $45,000 SUV. CEO RJ Scaringe gave CNBC an early peek",https://www.cnbc.com/2026/02/04/rivian-r2-suv-rj-scaringe.html,2026-02-04T18:33:13,"Rivian's R2 promises to be the vehicle that will do for Rivian what the Model Y did for Tesla. But first, the company has to launch it.",2026-02-05T05:21:03.379178
BBC World,How plans for Trump International hotel in Belgrade unravelled,https://www.bbc.com/news/articles/cx2y8lg9e2jo?at_medium=RSS&at_campaign=rss,2026-02-04T18:14:19,The project would have built on the ruins of the defence ministry bombed by Nato back in 1999.,2026-02-05T05:21:00.591598
TechCrunch,Tinder looks to AI to help fight ‘swipe fatigue’ and dating app burnout,https://techcrunch.com/2026/02/04/tinder-looks-to-ai-to-help-fight-swipe-fatigue-and-dating-app-burnout/,2026-02-04T18:08:00,Tinder is testing AI recommendations and insight from your Camera Roll for better matches.,2026-02-05T05:21:02.427708
BBC World,"Andrew and Epstein asked exotic dancer for 'sex acts,' legal letter claims",https://www.bbc.com/news/articles/ckgkjj5e28ko?at_medium=RSS&at_campaign=rss,2026-02-04T18:02:50,Lawyers for the unnamed woman claim she was 'treated like a prostitute' at Jeffrey Epstein's home.,2026-02-05T05:21:00.591598
BBC World,Man sentenced to life in prison for 2024 attempt on Trump's life,https://www.bbc.com/news/articles/cre2gjj3pxpo?at_medium=RSS&at_campaign=rss,2026-02-04T17:57:05,"Prosecutors claimed that Routh, 59, remained ""totally unrepentant"" for the incident in Florida.",2026-02-05T05:21:00.591598
TechCrunch,Lunar Energy raises $232M to deploy home batteries that prop up the grid,https://techcrunch.com/2026/02/04/lunar-energy-raises-232m-to-deploy-home-batteries-that-prop-up-the-grid/,2026-02-04T17:56:40,"The startup has raised more than $500 million, to date, from investors to build a massive, distributed power plant supported by residential batteries.",2026-02-05T05:21:02.427708
TechCrunch,"Hackers publish personal information stolen during Harvard, UPenn data breaches",https://techcrunch.com/2026/02/04/hackers-publish-personal-information-stolen-during-harvard-upenn-data-breaches/,2026-02-04T17:56:37,"The prolific cybercrime group ShinyHunters took responsibility for hacking Harvard and the University of Pennsylvania, and published the stolen data on its extortion website.",2026-02-05T05:21:02.427708
ESPN News,"Wemby's minutes restriction, KAT's new offensive role, and more",https://www.espn.com/fantasy/basketball/story/_/id/47826863/fantasy-basketball-pickups-nba-trends-victor-wembanyama-karl-anthony-towns,2026-02-04T17:53:16,"A look around the league reveals the latest trends, from Victor Wembanyama's minute restriction to Karl-Anthony Towns' changing offensive role, and more.",2026-02-05T05:21:04.500991
ESPN News,From Harden and JJJ to Vucevic: Fantasy reaction to the latest NBA trades,https://www.espn.com/fantasy/basketball/story/_/id/47819039/fantasy-basketball-trade-deadline-reaction-2025-26-nba-upgrade-downgrade,2026-02-04T17:53:16,Andre Snellings and Eric Moody provide fantasy reactions as trades go down leading up to the trade deadline.,2026-02-05T05:21:04.500991
BBC World,German activist jailed in Hungary for attacks at Nazi rally,https://www.bbc.com/news/articles/clyn7wkgkp0o?at_medium=RSS&at_campaign=rss,2026-02-04T17:34:54,"Supporters have questioned whether the 25-year-old, who identifies as non-binary, could receive a fair trial in Hungary.",2026-02-05T05:21:00.591598
ESPN News,Soccer's newest superagent is doing things differently -- and he wants you to know it,https://www.espn.com/soccer/story/_/id/47735623/caicedo-huijsen-soccer-agent-ali-barat-making-transfer-waves,2026-02-04T17:00:59,Ali Barat is impossible to miss -- last summer's transfer window was dominated by his clients making big moves -- yet hard to track down. It's all part of his mystique.,2026-02-05T05:21:04.500991
TechCrunch,Roblox’s 4D creation feature is now available in open beta,https://techcrunch.com/2026/02/04/robloxs-4d-creation-feature-is-now-available-in-open-beta/,2026-02-04T17:00:00,Roblox's highly anticipated 4D creation feature has officially arrived in open beta.,2026-02-05T05:21:02.427708
CNBC Business,China ramps up threats over Panama Canal ruling that handed Trump a major victory,https://www.cnbc.com/2026/02/04/china-us-trump-panama-canal-court-ruling-ck-hutchison.html,2026-02-04T16:45:59,"The Panama Canal has been thrust into the middle of a power struggle between the U.S. and China, the world's two largest economies.",2026-02-05T05:21:03.379178
BBC World,"Boy, 14, stabbed art teacher because he had 'too much hatred', he tells police",https://www.bbc.com/news/articles/cx2k82d78jno?at_medium=RSS&at_campaign=rss,2026-02-04T16:44:30,"The teenager allegedly took a knife from his kitchen with the plan to attack the 60-year-old, the prosecutor says.",2026-02-05T05:21:00.591598
BBC World,Son of Norway's crown princess holds back tears giving evidence at rape trial,https://www.bbc.com/news/articles/c23rdxjjp4po?at_medium=RSS&at_campaign=rss,2026-02-04T16:00:39,Marius Borg Høiby gives evidence after the first woman he is alleged to have raped told the court she believed she had been drugged.,2026-02-05T05:21:00.591598
TechCrunch,ElevenLabs raises $500M from Sequoia at an $11 billion valuation,https://techcrunch.com/2026/02/04/elevenlabs-raises-500m-from-sequioia-at-a-11-billion-valuation/,2026-02-04T15:33:58,ElevenLabs' valuation has raised more than three times in the last 12 months.,2026-02-05T05:21:02.427708
CNBC Business,A surprising share of homeowners have high mortgage rates. Here's the breakdown,https://www.cnbc.com/2026/02/04/homeowner-mortgage-rates-breakdown.html,2026-02-04T15:11:16,About 20% of borrowers have mortgages with a rate over 6%.,2026-02-05T05:21:03.379178
CNBC Business,Fed pick: Tillis doubles down on Warsh blockade over concerns about central bank independence,https://www.cnbc.com/2026/02/04/fed-warsh-tillis-confirmation.html,2026-02-04T15:05:02,Sen. Thom Tillis told CNBC he is committed to blocking Kevin Warsh's confirmation as Fed chair unless the Trump administration ends its probe of Chair Powell.,2026-02-05T05:21:03.379178
TechCrunch,"After backlash, Adobe cancels Adobe Animate shutdown and puts app on ‘maintenance mode’",https://techcrunch.com/2026/02/04/after-backlash-adobe-cancels-adobe-animate-shutdown-and-puts-app-on-maintenance-mode/,2026-02-04T14:53:21,"Adobe's announcement about discontinuing Animate was met with incredulity, disappointment, and anger. The company has changed its tune.",2026-02-05T05:21:02.427708
ESPN News,Super Bowl LX expected to see highest ticket price since 2020,https://www.espn.com/nfl/story/_/id/47820271/tickets-super-bowl-lx-high-cost-seahawks-patriots-nfl,2026-02-04T14:48:11,Vivid Seats projects the crowd split in Santa Clara on Sunday will be a 61-39 advantage toward Seahawks fans.,2026-02-05T05:21:04.500991
ESPN News,The art of the pregame outfit and the stylist behind the NFL's crossover with fashion,https://www.espn.com/nfl/story/_/id/47781734/nfl-fashion-editor-kyle-smith-stylist-joe-burrow-pregame-outfits,2026-02-04T14:48:11,"From pregame style to fashion week, NFL fashion editor Kyle Smith helps players level up their style.",2026-02-05T05:21:04.500991
ESPN News,MMA pound-for-pound rankings: Mixed reaction to Volkanovski's rematch win,https://www.espn.com/mma/story/_/id/24067525/mma-pound-pound-rankings,2026-02-04T14:45:45,"After dominating Diego Lopes again, Alexander Volkanovski makes small rise in the ESPN P4P rankings.",2026-02-05T05:21:04.500991
ESPN News,"MMA divisional rankings: Benoit Saint Denis, Mauricio Ruffy rise at lightweight",https://www.espn.com/mma/story/_/id/21807736/mma-divisional-rankings-ufc-bellator-pfl-rankings-weight-class,2026-02-04T14:45:44,"Here's a look at every weight class to determine the best of the best in UFC, PFL and beyond.",2026-02-05T05:21:04.500991
ESPN News,"Transfer rumors, news: Arsenal eye Bayern midfielder Goretzka",https://www.espn.com/soccer/story/_/id/47823645/transfer-rumors-news-man-united-eye-palace-striker-mateta,2026-02-04T14:33:41,Could Arsenal improve their midfield by signing Leon Goretzka from Bayern Munich? Transfer Talk has the latest.,2026-02-05T05:21:04.500991
ESPN News,"Real Madrid's big transfer questions: What to do about Vini Jr., more",https://www.espn.com/soccer/story/_/id/47815213/real-madrid-big-transfer-questions-vini-jr-bellingham-paz-arbeloa,2026-02-04T14:33:41,"January transfer window was quiet, but there are plenty of issues for the club to address in the summer.",2026-02-05T05:21:04.500991
ESPN News,"A do-over of the 2025 NFL draft: Let's redraft the first 64 picks, with changes starting at No. 2",https://www.espn.com/nfl/story/_/id/47736817/2025-nfl-draft-redraft-64-new-picks-first-second-round-ward-shough-dart,2026-02-04T14:22:18,Abdul Carter to the Jets? Tyler Shough to the Browns? Emeka Egbuka to the 49ers? We repicked the first two rounds of last year's NFL draft.,2026-02-05T05:21:04.500991
ESPN News,Projecting Rounds 1-2 of the draft: Landing spots for 11 Senior Bowl standouts,https://www.espn.com/nfl/draft2026/story/_/id/47756543/2026-nfl-mock-draft-two-rounds-64-picks-matt-miller-senior-bowl,2026-02-04T14:22:18,Matt Miller goes two rounds deep in his latest mock. Which prospects rose after the Senior Bowl?,2026-02-05T05:21:04.500991
ESPN News,An epic Rookie of the Year race? 2026 predictions for MLB's top prospects,https://www.espn.com/mlb/story/_/id/47684236/top-100-mlb-prospects-2026-bold-predictions-kevin-mcgonigle-konnor-griffin-jj-wetherholt,2026-02-04T14:21:03,Which young players will do big things on the diamond in the year ahead? Our experts weigh in.,2026-02-05T05:21:04.500991
TechCrunch,Uber appoints new CFO as its AV plans accelerate,https://techcrunch.com/2026/02/04/uber-appoints-new-cfo-as-its-av-plans-accelerate/,2026-02-04T14:15:34,"Krishnamurthy has been at Uber for over six years, spending most of his tenure in the company in its investor relations division.",2026-02-05T05:21:02.427708
TechCrunch,SNAK Venture Partners raises $50M fund to back vertical marketplaces,https://techcrunch.com/2026/02/04/snak-venture-partners-raises-50m-fund-to-back-digitizing-marketplaces/,2026-02-04T14:00:00,"The firm has already invested in six companies, including BigRentals and Repackify, focused on equipment rental and packaging logistics, respectively.",2026-02-05T05:21:02.427708
BBC World,Leader of South Africa's second largest party to step down,https://www.bbc.com/news/articles/c5yvneqg1xxo?at_medium=RSS&at_campaign=rss,2026-02-04T13:47:03,The surprise move may threaten the stability of the coalition government of which the DA is a key partner.,2026-02-05T05:21:00.591598
BBC World,"Israeli strikes kill 20 in Gaza, hospitals say, after soldier wounded by gunfire",https://www.bbc.com/news/articles/cpqyg0g5r0po?at_medium=RSS&at_campaign=rss,2026-02-04T13:27:07,Hospitals say several children were among those killed in strikes that Israel's military says it launched after a gun attack on its troops.,2026-02-05T05:21:00.591598
BBC World,Greece blames smugglers over migrant deaths but early accounts have been questioned before,https://www.bbc.com/news/articles/c4g51n1jv79o?at_medium=RSS&at_campaign=rss,2026-02-04T13:22:02,"Greek officials were quick to blame smugglers, but experience tells us to be wary of instant and unequivocal explanations.",2026-02-05T05:21:00.591598
BBC World,Libyan prosecutors launch probe into killing of Gaddafi's son,https://www.bbc.com/news/articles/cp37g4xgkxdo?at_medium=RSS&at_campaign=rss,2026-02-04T12:40:06,"The 53-year-old, once widely seen as the second most powerful person in Libya, was killed by ""our unknown gunmen"".",2026-02-05T05:21:00.591598
BBC World,'Notorious Tanzanian drug trafficker' arrested during raid in Zambia,https://www.bbc.com/news/articles/c3948e28e0yo?at_medium=RSS&at_campaign=rss,2026-02-04T11:48:46,Ahmed Muharram is among several suspects arrested in a major crackdown on marijuana trafficking.,2026-02-05T05:21:00.591598
BBC World,Watch: Florida iguanas are 'cold stunned' and falling from trees,https://www.bbc.com/news/videos/c23rd925knxo?at_medium=RSS&at_campaign=rss,2026-02-04T01:21:33,"A rare cold snap across the state has made the reptiles immobile and ripe for capturing, says the state's wildlife agency.",2026-02-05T05:21:00.591598
BBC World,Why a beauty spot in South Africa could be about to run out of water,https://www.bbc.com/news/articles/cy8pleg24rvo?at_medium=RSS&at_campaign=rss,2026-02-04T00:41:49,Official estimates suggest that around 55% of the town's drinkable water is lost to leaking pipes.,2026-02-05T05:21:00.591598
BBC World,'Never imagined this': Indian village grapples with interfaith couple's killing,https://www.bbc.com/news/articles/c0jvy09dvw9o?at_medium=RSS&at_campaign=rss,2026-02-04T00:32:53,"Police say they were beaten to death, allegedly by the woman's three brothers, who have been arrested.",2026-02-05T05:21:00.591598
BBC World,Gazans returning through Rafah crossing describe checks by Palestinian militia,https://www.bbc.com/news/articles/cy4g3rne4n7o?at_medium=RSS&at_campaign=rss,2026-02-03T18:31:44,One Palestinian woman said members of the Israel-linked militia searched them and their belongings at an Israeli checkpoint inside Gaza.,2026-02-05T05:21:00.591598
BBC World,BBC on the front line with Colombia's war on drugs,https://www.bbc.com/news/videos/cp9jg1kr9pjo?at_medium=RSS&at_campaign=rss,2026-02-03T17:08:05,"BBC Senior international correspondent Orla Guerin joined a special operation over Colombia's cocaine heartland, tasked with destroying crude cocaine labs hidden deep in the jungle.",2026-02-05T05:21:00.591598
ESPN News,Stevenson claims No. 1 spot in new division,https://www.espn.com/boxing/story/_/id/21675272/divisional-rankings-best-top-10-fighters-per-division,2026-02-03T14:42:29,Shakur Stevenson is the top-ranked fighter in two divisions following a dominant win over Teofimo Lopez Jr. Here are the latest ESPN divisional rankings.,2026-02-05T05:21:04.500991
BBC World,Hope and uncertainty as India and US strike long-delayed trade deal,https://www.bbc.com/news/articles/cpwnlwj80p8o?at_medium=RSS&at_campaign=rss,2026-02-03T06:29:43,"Indian industry has welcomed lower tariffs, but experts caution against celebration until details are clearer.",2026-02-05T05:21:00.591598
BBC World,Watch: Why is no-one being prosecuted over the Epstein files?,https://www.bbc.com/news/videos/cd9e3nzzw3zo?at_medium=RSS&at_campaign=rss,2026-02-03T01:45:52,Gary O'Donoghue looks at why no prosecutions have yet come from the release of millions of documents.,2026-02-05T05:21:00.591598
BBC World,Shanties in a Lagos lagoon: Bulldozed and burnt,https://www.bbc.com/news/articles/ce3epxznyzzo?at_medium=RSS&at_campaign=rss,2026-02-03T00:13:23,"Residents suspect the demolitions are aimed at gentrifying the waterfront in Nigeria's biggest city, but officials deny this.",2026-02-05T05:21:00.591598
BBC World,'Enemy' insults and questioning Putin: Steve Rosenberg on tightrope of reporting from Russia,https://www.bbc.com/news/articles/c20g25w8j0xo?at_medium=RSS&at_campaign=rss,2026-02-02T06:00:30,The BBC's Russia editor reflects on the difficulties of working as a British journalist in Moscow.,2026-02-05T05:21:00.591598
BBC World,Syria's only female minister pushes for change: 'I'm not here for window dressing',https://www.bbc.com/news/articles/cj0n3j16p8lo?at_medium=RSS&at_campaign=rss,2026-02-02T00:28:13,"The BBC's Lyse Doucet follows Hind Kabawat as she confronts the challenges of fragmented, post-Assad Syria.",2026-02-05T05:21:00.591598
BBC World,Starbucks bets on robots to brew a turnaround in customers,https://www.bbc.com/news/articles/cew8qzdxnnjo?at_medium=RSS&at_campaign=rss,2026-02-02T00:11:06,Chief executive Brian Niccol explains why he thinks AI will help the coffee giant regain its buzz.,2026-02-05T05:21:00.591598
CNN Top,The haunting Masters meltdown that changed Rory McIlroy's career,https://www.cnn.com/2023/04/03/golf/rory-mcilroy-masters-meltdown-2011-spt-spc-intl/index.html,2024-04-09T15:25:18,"Slumped on his club, head buried in his arm, Rory McIlroy looked on the verge of tears.",2026-02-05T05:21:01.741862
CNN Top,Scientists film deepest ever fish on seabed off Japan,https://www.cnn.com/2023/04/03/asia/deepest-fish-filmed-off-japan-scn-intl-hnk/index.html,2023-04-18T15:32:03,"Cruising at a depth of 8,336 meters (over 27,000 feet) just above the seabed, a young snailfish has become the deepest fish ever filmed by scientists during a probe into the abyss of the northern Pacific Ocean.",2026-02-05T05:21:01.741862
CNN Top,See the world's deepest fish,https://www.cnn.com/videos/travel/2023/04/03/snailfish-deepest-fish-on-camera-lon-orig-ao-cprog-scn.cnn,2023-04-12T09:01:12,"Scientists captured the unknown snailfish species at a depth of more than 27,000 feet, as part of an expedition in trenches off Japan.",2026-02-05T05:21:01.741862
CNN Top,The $500 billion beauty industry's 'green' ambitions are a patchwork at best. And they're falling short,https://www.cnn.com/style/article/beauty-skincare-climate/index.html,2023-04-06T20:09:14,"The escalating climate crisis is shifting many people's purchasing patterns and this extends to the $500 billion dollar global beauty industry which is grappling with a range of sustainability challenges across product manufacturing, packaging and disposal.",2026-02-05T05:21:01.741862
CNN Top,What to know about the Trump indictment on the eve of his court appearance,https://www.cnn.com/collections/intl-trump-040223/,2023-04-05T22:50:06,,2026-02-05T05:21:01.741862
CNN Top,Haberman reveals why Trump attacked judge and his family in speech,https://www.cnn.com/videos/politics/2023/04/05/maggie-haberman-donald-trump-speech-indictment-reaction-sot-cnntm-vpx.cnn,2023-04-05T13:30:09,CNN political contributor Maggie Haberman explains the reasoning behind Donald Trump's attacks on the judge and his family during a speech at his Mar-a-Lago resort after he was arraigned on felony charges.,2026-02-05T05:21:01.741862
CNN Top,"Syrian refugee elected mayor of German town, years after fleeing war",https://www.cnn.com/2023/04/04/europe/germany-mayor-syrian-refugee-intl/index.html,2023-04-04T19:41:56,A Syrian who arrived in Germany as a refugee in 2015 has won a mayoral election in the southwestern German state of Baden-Württemberg.,2026-02-05T05:21:01.741862
CNN Top,"Kwame Brathwaite, photographer of 'Black is Beautiful' movement, dies at 85",https://www.cnn.com/style/article/kwame-brathwaite-obituary-tan/index.html,2023-04-04T18:54:41,"Kwame Brathwaite, the pioneering activist and photographer whose work helped define the aesthetics of the ""Black is Beautiful"" movement of the 1960s and beyond, died on April 1, aged 85.",2026-02-05T05:21:01.741862
CNN Top,Britain's pound is beating every other major currency this year,https://www.cnn.com/2023/04/04/investing/british-pound-currency-dollar/index.html,2023-04-04T18:49:31,"The British pound crashed to a record low last fall as investors rebelled against budget plans by former Prime Minister Liz Truss. Now, it's enjoying a comeback.",2026-02-05T05:21:01.741862
CNN Top,The four astronauts NASA picked for the first crewed moon mission in 50 years,https://www.cnn.com/2023/04/03/world/artemis-2-astronaut-crew-scn/index.html,2023-04-04T11:44:30,"Astronauts who will helm the first crewed moon mission in five decades were revealed on Monday, queuing up the quartet to begin training for the historic Artemis II lunar flyby that is set to take off in November 2024.",2026-02-05T05:21:01.741862
CNN Top,These are the animals people most want to see photographed,https://www.cnn.com/travel/article/new-big-5-wildlife-photography-book-c2e-scn-spc-intl/index.html,2023-04-04T10:38:46,"Originally a term used by trophy hunters in Africa, the ""Big Five"" described the animals most challenging to shoot and kill: the lion, elephant, leopard, rhino, and buffalo. Nowadays, it is more loosely used to refer to some of Africa's largest and most iconic animals.",2026-02-05T05:21:01.741862
CNN Top,2023 March Madness: Will UConn or San Diego State triumph in the national championship game that 'means everything?',https://www.cnn.com/2023/04/03/sport/march-madness-championship-game-final-preview-spt-intl/index.html,2023-04-04T10:13:13,After a March Madness filled with twists and surprises -- all four No. 1 seeds failed to reach the Elite Eight for the first ever time in NCAA men's basketball tournament history -- it is time for the grand finale as UConn faces San Diego State on Monday for the title.,2026-02-05T05:21:01.741862
CNN Top,Beijing promised to 'fight back' over Taiwan leader's US visit. But this time it has more to lose,https://www.cnn.com/2023/04/04/asia/tsai-ing-wen-taiwan-mccarthy-meeting-analysis-intl-hnk/index.html,2023-04-04T07:49:53,An anticipated meeting between Taiwan's President Tsai Ing-wen and US House Speaker Kevin McCarthy in California this week has sparked concerns of a repeat of the pressure campaign China launched last year when then-Speaker Nancy Pelosi visited Taipei.,2026-02-05T05:21:01.741862
CNN Top,Micron Technology: China probes US chip maker for cybersecurity risks as tech tension escalates,https://www.cnn.com/2023/04/03/tech/china-micron-probe-us-chip-war-intl-hnk/index.html,2023-04-04T03:17:15,"China has launched a cybersecurity probe into Micron Technology, one of America's largest memory chip makers, in apparent retaliation after US allies in Asia and Europe announced new restrictions on the sale of key technology to Beijing.",2026-02-05T05:21:01.741862
CNN Top,What OPEC's surprise oil cut means for gas prices,https://www.cnn.com/2023/04/03/energy/gas-prices-opec/index.html,2023-04-04T01:48:26,OPEC and its allies' surprise move to slash oil production will soon be felt at US gas pumps.,2026-02-05T05:21:01.741862
CNN Top,Video shows moment of deadly explosion at cafe in Russia,https://www.cnn.com/videos/world/2023/04/02/russian-military-blogger-vladlen-tatarsky-killed-cafe-explosion-chance-vpx.cnn,2023-04-04T01:08:44,"A well-known Russian military blogger, Vladlen Tatarsky, was killed in an explosion at a cafe in St. Petersburg, authorities said. CNN's Matthew Chance reports.",2026-02-05T05:21:01.741862
CNN Top,Dogecoin jumps after Elon Musk replaces Twitter bird with Shiba Inu,https://www.cnn.com/2023/04/03/investing/dogecoin-elon-musk-twitter/index.html,2023-04-03T20:48:03,"Twitter's traditional bird icon was booted and replaced with an image of a Shiba Inu, an apparent nod to dogecoin, the joke cryptocurrency that CEO Elon Musk is being sued over.",2026-02-05T05:21:01.741862
CNN Top,Musk's Twitter promised a purge of blue check marks. Instead he singled out the New York Times,https://www.cnn.com/2023/04/03/tech/twitter-blue-checks/index.html,2023-04-03T20:06:03,"Some VIP Twitter users woke up on Saturday expecting to have lost their coveted blue verification check marks in a previously announced purge by Elon Musk. Instead, Twitter appeared to target a single account from a major publication Musk dislikes and changed the language on its site in a way that obscures why users are verified.",2026-02-05T05:21:01.741862
CNN Top,A new approach to a Covid-19 nasal vaccine shows early promise,https://www.cnn.com/2023/04/03/health/nasal-vaccine-sterilizing-immunity/index.html,2023-04-03T19:04:07,"Scientists in Germany say they've been able to make a nasal vaccine that can shut down a Covid-19 infection in the nose and throat, where the virus gets its first foothold in the body.",2026-02-05T05:21:01.741862
CNN Top,Angel Reese defends gesture directed towards Caitlin Clark after LSU national title win; calls out double standard after being 'unapologetically' her,https://www.cnn.com/2023/04/03/sport/angel-reese-gesture-caitlin-clark-lsu-iowa-spt-intl/index.html,2023-04-03T18:34:35,"LSU star Angel Reese defended the gesture she aimed at Iowa Hawkeyes' Caitlin Clark near the end of the Tigers' first NCAA women's basketball national championship victory on Sunday, saying ""I don't take disrespect lightly.""",2026-02-05T05:21:01.741862
CNN Top,"Study finds slightly higher risk of autism diagnosis in areas with more lithium in drinking water, but experts say more research is needed",https://www.cnn.com/2023/04/03/health/autism-lithium-study/index.html,2023-04-03T18:22:12,"A new study found a moderately higher risk of autism spectrum disorder in children born to pregnant people exposed to tap water with higher levels of lithium, but experts caution that this association does not show a direct link between the two.",2026-02-05T05:21:01.741862
CNN Top,"Israeli military veterans, a backbone of protest movement, vow to keep demonstrating",https://www.cnn.com/2023/04/03/middleeast/israel-protests-military-veterans-intl-cmd/index.html,2023-04-03T17:22:51,"In a sea of Israeli flags, Yiftach Golov holds one that looks a little different.",2026-02-05T05:21:01.741862
CNN Top,Shania Twain calls for equal pay and more diversity in country music,https://www.cnn.com/2023/04/03/entertainment/shania-twain-equal-diversity/index.html,2023-04-03T16:29:08,Shania Twian is standing up for others in country music.,2026-02-05T05:21:01.741862
CNN Top,What pet cemeteries reveal about being human,https://www.cnn.com/2023/04/03/opinions/pet-cemeteries-burying-animals-history-tourigny/index.html,2023-04-03T15:03:47,Why do we bury our departed loved ones in a cemetery? A primary purpose is to provide survivors with an opportunity to grieve and gain a sense of closure. The cemetery is a place for the living as much as it is a place for the dead.,2026-02-05T05:21:01.741862
CNN Top,Erdogan's political fate may be determined by Turkey's Kurds,https://www.cnn.com/2023/04/03/middleeast/kurdish-kingmaker-turkish-elections-mime-intl/index.html,2023-04-03T14:54:00,"Turkey's persecuted pro-Kurdish party has emerged as a kingmaker in the country's upcoming election, playing a decisive role that may just tip the balance enough to unseat two-decade ruler Recep Tayyip Erdogan.",2026-02-05T05:21:01.741862
CNN Top,Chelsea searches for new manager as Premier League breaks record for most sackings in a single season,https://www.cnn.com/2023/04/03/football/chelsea-graham-potter-manager-premier-league-spt-intl/index.html,2023-04-03T14:46:53,"It was just six months ago that Graham Potter was deemed the man to usher in a fresh, exciting era at Chelsea.",2026-02-05T05:21:01.741862
CNN Top,"Wall Street Journal reporter Evan Gershkovich appeals against arrest, Russian state media says",https://www.cnn.com/collections/intl-ukraine-030423/,2023-04-03T13:58:58,,2026-02-05T05:21:01.741862
CNN Top,Suspected Chinese spy balloon was able to transmit information back to Beijing,https://www.cnn.com/2023/04/03/politics/chinese-spy-balloon/index.html,2023-04-03T13:38:22,"The suspected Chinese spy balloon that transited the US earlier this year was able to capture imagery and collect some signals intelligence from US military sites, a source familiar with the matter tells CNN.",2026-02-05T05:21:01.741862
CNN Top,This boiled bag of offal is banned in the US. In Scotland it's a fine-dining treat,https://www.cnn.com/travel/article/haggis-scotland-secrets/index.html,2023-04-03T12:43:16,"Anthony Bourdain loved haggis. But even the late, great American chef, writer and television host recognized that Scotland's national dish, with its ""sinister sheep parts"" wrapped in a shroud of mystery and half-invented history, could be a hard sell.",2026-02-05T05:21:01.741862
CNN Top,HSBC's top execs face tense shareholders calling for a breakup,https://www.cnn.com/2023/04/03/business/hsbc-spin-off-hk-shareholder-meeting-intl-hnk/index.html,2023-04-03T12:31:48,"HSBC's top brass defended their strategy Monday to frustrated shareholders in the lender's largest market, as Europe's biggest bank continued to face calls to be split up.",2026-02-05T05:21:01.741862
CNN Top,Giving Marjorie Taylor Greene a platform isn't good for America,https://www.cnn.com/2023/04/03/opinions/60-minutes-marjorie-taylor-greene-interview-obeidallah/index.html,2023-04-03T12:26:59,"Last year, GOP Rep. Marjorie Taylor Greene of Georgia spoke at a white nationalist event organized by Holocaust denier Nick Fuentes that caused Republican leaders to denounce her.",2026-02-05T05:21:01.741862
CNN Top,Teenage swimmer breaks two world records in four days,https://www.cnn.com/2023/04/03/sport/summer-mcintosh-world-record-canada-swimmer-spt-intl/index.html,2023-04-03T12:17:19,Sixteen-year-old Summer McIntosh broke the world record for the 400m individual medley at the Canadian swimming trials on Saturday -- just days after breaking the world record for the 400m freestyle.,2026-02-05T05:21:01.741862
CNN Top,"'Scary, cold, hungry and lonely': Volunteer soldier shares experience on front line",https://www.cnn.com/videos/world/2023/04/03/soldiers-russia-ukraine-war-david-mckenzie-pkg-ovn-intl-ldn-vpx.cnn,2023-04-03T12:13:24,"A young volunteer soldier, Akula, who signed up for the war at the beginning of the Russian invasion is now dealing with the trauma of war. He spoke to CNN's David McKenzie about his time on the front lines and how it has affected his mental health.",2026-02-05T05:21:01.741862
CNN Top,French minister under fire for Playboy magazine cover,https://www.cnn.com/2023/04/02/europe/french-minister-playboy-cover-intl/index.html,2023-04-03T11:54:59,French government minister Marlene Schiappa has come under fire from members of her own party after appearing on the front cover of Playboy magazine.,2026-02-05T05:21:01.741862
CNN Top,"China Renaissance suspends trading, delays results after founder's disappearance",https://www.cnn.com/2023/04/03/investing/china-renaissance-delays-results-missing-ceo-intl-hnk/index.html,2023-04-03T11:42:19,"China Renaissance, a top dealmaker in the country's tech industry, said it would suspend trading of its shares and delay the release of its annual results because it still can't get in touch with its founder.",2026-02-05T05:21:01.741862
CNN Top,CEOs are tired of being held responsible for gun regulation,https://www.cnn.com/2023/04/03/investing/premarket-stocks-trading/index.html,2023-04-03T11:19:35,"Americans have grown used to corporate executives treading the well-worn paths of the Northeast corridor to convene alongside elected officials in Washington, DC, and discuss geopolitics, policy and all that's in-between.",2026-02-05T05:21:01.741862
CNN Top,Some fans whistle as Lionel Messi's name is announced as Paris Saint-Germain's season hits new low,https://www.cnn.com/2023/04/03/football/lionel-messi-psg-whistles-fans-spt-intl/index.html,2023-04-03T11:02:06,Paris Saint-Germain's miserable season went from bad to worse on Sunday as the team suffered a second straight home defeat with a 1-0 loss to Lyon.,2026-02-05T05:21:01.741862
CNN Top,Finland's Prime Minister Sanna Marin concedes election,https://www.cnn.com/2023/04/02/europe/sanna-marin-finland-elections-concedes-intl/index.html,2023-04-03T10:24:55,Finland's left-wing Prime Minister Sanna Marin conceded defeat on Sunday in the Nordic country's parliamentary election as the opposition right-wing National Coalition Party (NCP) claimed victory in a tightly fought contest.,2026-02-05T05:21:01.741862
CNN Top,Video shows moment man throws yogurt on two women in Iran,https://www.cnn.com/videos/world/2023/04/03/man-throws-yogurt-on-women-iran-president-raisi-hijab-is-law-nada-bashir-ovn-intl-ldn-vpx.cnn,2023-04-03T10:17:00,"Video shows an incident at a store in the Iranian city of Shandiz where a man approached two unveiled women before proceeding to grab a tub of yogurt from the store and throw it, hitting both women in the head. The video then appears to show a male staff member removing the suspect from the store. CNN is not able to verify what was said immediately before the confrontation.",2026-02-05T05:21:01.741862
CNN Top,Why did Finland's PM lose? Reporter explains the key issue voters cared about,https://www.cnn.com/videos/world/2023/04/03/finland-prime-minister-sanna-marin-concedes-election-right-wing-party-wins-ovn-intl-ldn-vpx.cnn,2023-04-03T10:06:11,Finland's left-wing Prime Minister Sanna Marin conceded defeat in the country's parliamentary election as the opposition right-wing National Coalition Party claimed victory in a tightly fought contest. CNN's Laila Harrak spoke with New York Times' Chief Diplomatic Correspondent Steven Erlanger to discuss how the popular politician lost the election.,2026-02-05T05:21:01.741862
CNN Top,Emma Heming Willis shares family photos as daughter Mabel turns 11,https://www.cnn.com/2023/04/03/entertainment/emma-willis-mabel-birthday-photos-intl-scli/index.html,2023-04-03T09:34:27,"Bruce Willis' wife, Emma Heming Willis, has celebrated their elder daughter's birthday with a trip down memory lane.",2026-02-05T05:21:01.741862
CNN Top,Lawmaker speaks out about his struggle with depression,https://www.cnn.com/videos/politics/2023/04/02/john-fetterman-depression-downward-spiral-acostanr-sot-vpx.cnn,2023-04-02T23:11:47,Sen. John Fetterman (D-PA) spoke to CBS about battling with depression after winning a tight election.,2026-02-05T05:21:01.741862
CNN Top,Man rides out tornado inside van. See the footage,https://www.cnn.com/videos/weather/2023/04/02/little-rock-arkansas-tornado-man-inside-van-cnntmw-vpx.cnn,2023-04-02T11:07:02,"Cody Coombes recounts riding out a tornado in Little Rock, Arkansas, inside his pest control van. The National Weather Service reported that an EF-3 tornado had roared through Pulaski and Lonoke counties with estimated peak winds of 165 mph, killing one person in North Little Rock and four people in Wynne.",2026-02-05T05:21:01.741862
CNN Top,See 'Star Wars' legend react to Acosta's Darth Vader impression,https://www.cnn.com/videos/media/2023/04/02/mark-hamill-star-wars-jim-acosta-skywalker-cprog-acostanr-vpx.cnn,2023-04-02T01:18:16,"Actor Mark Hamill joins CNN's Jim Acosta to discuss his thoughts about a potential spinoff series based around his legendary ""Star Wars"" character Luke Skywalker.",2026-02-05T05:21:01.741862
CNN Top,Palestinian taxi driver recounts surviving attack by right-wing protesters,https://www.cnn.com/videos/world/2023/03/31/israel-protests-rise-taxi-driver-attacked-robertson-pkg-intl-vpx.cnn,2023-03-31T15:50:32,A Palestinian taxi driver describes surviving a violent attack by a right-wing mob in Jerusalem earlier this week as Israel continues to see protests against Prime Minister Benjamin Netanyahu's judicial overhaul spread. CNN's Nic Robertson reports.,2026-02-05T05:21:01.741862
CNN Top,A snowboarder got buried upside down in snow. See skier's quick reaction.,https://www.cnn.com/videos/us/2023/03/31/snowboarder-rescue-mt-baker-washington-cprog-lon-orig-na.cnn,2023-03-31T12:33:33,"Skier Francis Zuber sprang into action when he noticed a snowboarder had become trapped upside down in a tree well. Zuber, whose reaction has been applauded as a textbook example of what to do in such a situation, urged others to take up rescue courses.",2026-02-05T05:21:01.741862
